,Image,changed_item_long,changed_item_short
0,rensink_Amish,,
1,rensink_Army,,
2,rensink_BarnTrack,,
3,rensink_Barns,,
4,rensink_Barrels,,
5,rensink_Beach,,
6,rensink_Birds,,
7,rensink_Boat,,
8,rensink_Bus,,
9,rensink_Cactus,,
10,rensink_Camel,,
11,rensink_CanalBridge,,
12,rensink_Castle,,
13,rensink_Chopper,,
14,rensink_Cockpit,,
15,rensink_Description,,
16,rensink_Dinner,,
17,rensink_Diver,,
18,rensink_Eating,,
19,rensink_Egypt,,
20,rensink_FarmByPond,,
21,rensink_Farmer,,
22,rensink_Fishing,,
23,rensink_Floatplane,,
24,rensink_Fountain,,
25,rensink_Harbor,,
26,rensink_Horizon,,
27,rensink_Ice,,
28,rensink_Kayak,,
29,rensink_Kayaker,,
30,rensink_Kids,,
31,rensink_Lake,,
32,rensink_Market,,
33,rensink_Marling,,
34,rensink_Mosque,,
35,rensink_NotreDame,,
36,rensink_Nurses,,
37,rensink_Obelisk,,
38,rensink_OtherDiver,,
39,rensink_Pilots,,
40,rensink_Seal,,
41,rensink_Soldiers,,
42,rensink_Station,,
43,rensink_SummerLake,,
44,rensink_Turtle,,
45,rensink_Water,,
46,rensink_Window,,
47,rensink_Wine,,
48,wolfe_0100_L_mirror,,
49,wolfe_0100_R_mirror,,
50,wolfe_0101_L_cup,,
51,wolfe_0101_R_cup,,
52,wolfe_0102_L_shoppingbag,,
53,wolfe_0102_R_shoppingbag,,
54,wolfe_0103_L_hook,,
55,wolfe_0103_R_hook,,
56,wolfe_0104_L_bottle,,
57,wolfe_0104_R_bottle,,
58,wolfe_0105_L_hat,,
59,wolfe_0105_R_hat,,
60,wolfe_0106_L_toweldispenser,,
61,wolfe_0106_R_toweldispenser,,
62,wolfe_0107_L_shirts,,
63,wolfe_0107_R_shirts,,
64,wolfe_0108_L_boa,,
65,wolfe_0108_R_boa,,
66,wolfe_0109_L_pillow,,
67,wolfe_0109_R_pillow,,
68,wolfe_010_L_candle,,
69,wolfe_010_R_candle,,
70,wolfe_0110_L_plant,,
71,wolfe_0110_R_plant,,
72,wolfe_0111_L_pot,,
73,wolfe_0111_R_pot,,
74,wolfe_0112_L_basket,,
75,wolfe_0112_R_basket,,
76,wolfe_0113_L_plant,,
77,wolfe_0113_R_plant,,
78,wolfe_0114_L_bird,,
79,wolfe_0114_R_bird,,
80,wolfe_0115_L_pot,,
81,wolfe_0115_R_pot,,
82,wolfe_0116_L_basket,,
83,wolfe_0116_R_basket,,
84,wolfe_0117_L_plant,,
85,wolfe_0117_R_plant,,
86,wolfe_0118_L_shoes,,
87,wolfe_0118_R_shoes,,
88,wolfe_0119_L_painting,,
89,wolfe_0119_R_painting,,
90,wolfe_011_L_parfum,,
91,wolfe_011_R_parfum,,
92,wolfe_0120_L_art,,
93,wolfe_0120_R_art,,
94,wolfe_0121_L_car,,
95,wolfe_0121_R_car,,
96,wolfe_0122_L_chair,,
97,wolfe_0122_R_chair,,
98,wolfe_0123_L_pot,,
99,wolfe_0123_R_pot,,
100,wolfe_0124_L_vase,,
101,wolfe_0124_R_vase,,
102,wolfe_0125_L_sofa,,
103,wolfe_0125_R_sofa,,
104,wolfe_0126_L_candles,,
105,wolfe_0126_R_candles,,
106,wolfe_0127_L_light,,
107,wolfe_0127_R_light,,
108,wolfe_0128_L_pot,,
109,wolfe_0128_R_pot,,
110,wolfe_012_L_tubaccesory,,
111,wolfe_012_R_tubaccesory,,
112,wolfe_013_L_lamp,,
113,wolfe_013_R_lamp,,
114,wolfe_014_L_lamp,,
115,wolfe_014_R_lamp,,
116,wolfe_015_L_ceilinglight,,
117,wolfe_015_R_ceilinglight,,
118,wolfe_016_L_art,,
119,wolfe_016_R_art,,
120,wolfe_017_L_wood,,
121,wolfe_017_R_wood,,
122,wolfe_018_L_plant,,
123,wolfe_018_R_plant,,
124,wolfe_019_L_lamp,,
125,wolfe_019_R_lamp,,
126,wolfe_01_L_mirror,,
127,wolfe_01_R_mirror,,
128,wolfe_01_practice_plant,,
129,wolfe_020_L_walldeco,,
130,wolfe_020_R_walldeco,,
131,wolfe_021_L_keyboard,,
132,wolfe_021_R_keyboard,,
133,wolfe_022_L_lamp,,
134,wolfe_022_R_lamp,,
135,wolfe_023_L_remote,,
136,wolfe_023_R_remote,,
137,wolfe_024_L_towels,,
138,wolfe_024_R_towels,,
139,wolfe_025_L_vase,,
140,wolfe_025_R_vase,,
141,wolfe_026_L_rack,,
142,wolfe_026_R_rack,,
143,wolfe_027_L_soapdish,,
144,wolfe_027_R_soapdish,,
145,wolfe_028_L_vase,,
146,wolfe_028_R_vase,,
147,wolfe_029_L_glass,,
148,wolfe_029_R_glass,,
149,wolfe_02_L_napkin,,
150,wolfe_02_R_napkin,,
151,wolfe_02_practice_painting,,
152,wolfe_030_L_drawer,,
153,wolfe_030_R_drawer,,
154,wolfe_031_L_log,,
155,wolfe_031_R_log,,
156,wolfe_032_L_bottle,,
157,wolfe_032_R_bottle,,
158,wolfe_033_L_vase,,
159,wolfe_033_R_vase,,
160,wolfe_034_L_handle,,
161,wolfe_034_R_handle,,
162,wolfe_035_L_fruit,,
163,wolfe_035_R_fruit,,
164,wolfe_036_L_bowl,,
165,wolfe_036_R_bowl,,
166,wolfe_037_L_towel,,
167,wolfe_037_R_towel,,
168,wolfe_038_L_art,,
169,wolfe_038_R_art,,
170,wolfe_039_L_ventilator,,
171,wolfe_039_R_ventilator,,
172,wolfe_03_L_ducks,,
173,wolfe_03_R_ducks,,
174,wolfe_040_L_painting,,
175,wolfe_040_R_painting,,
176,wolfe_041_L_fruit,,
177,wolfe_041_R_fruit,,
178,wolfe_042_L_tap,,
179,wolfe_042_R_tap,,
180,wolfe_043_L_clock,,
181,wolfe_043_R_clock,,
182,wolfe_044_L_light,,
183,wolfe_044_R_light,,
184,wolfe_045_L_musicdock,,
185,wolfe_045_R_musicdock,,
186,wolfe_046_L_remote,,
187,wolfe_046_R_remote,,
188,wolfe_047_L_handle,,
189,wolfe_047_R_handle,,
190,wolfe_048_L_art,,
191,wolfe_048_R_art,,
192,wolfe_049_L_painting,,
193,wolfe_049_R_painting,,
194,wolfe_04_L_electricalgrid,,
195,wolfe_04_R_electricalgrid,,
196,wolfe_050_L_book,,
197,wolfe_050_R_book,,
198,wolfe_051_L_owl,,
199,wolfe_051_R_owl,,
200,wolfe_052_L_speaker,,
201,wolfe_052_R_speaker,,
202,wolfe_053_L_handle,,
203,wolfe_053_R_handle,,
204,wolfe_054_L_firewood,,
205,wolfe_054_R_firewood,,
206,wolfe_055_L_carpet,,
207,wolfe_055_R_carpet,,
208,wolfe_056_L_comforter,,
209,wolfe_056_R_comforter,,
210,wolfe_057_L_bin,,
211,wolfe_057_R_bin,,
212,wolfe_058_L_clutch,,
213,wolfe_058_R_clutch,,
214,wolfe_059_L_car,,
215,wolfe_059_R_car,,
216,wolfe_05_L_mirror,,
217,wolfe_05_R_mirror,,
218,wolfe_060_L_pillow,,
219,wolfe_060_R_pillow,,
220,wolfe_061_L_glass,,
221,wolfe_061_R_glass,,
222,wolfe_062_L_flowers,,
223,wolfe_062_R_flowers,,
224,wolfe_063_L_laptop,,
225,wolfe_063_R_laptop,,
226,wolfe_064_L_bottles,,
227,wolfe_064_R_bottles,,
228,wolfe_065_L_cd,,
229,wolfe_065_R_cd,,
230,wolfe_066_L_vase,,
231,wolfe_066_R_vase,,
232,wolfe_067_L_painting,,
233,wolfe_067_R_painting,,
234,wolfe_068_L_faucet,,
235,wolfe_068_R_faucet,,
236,wolfe_069_L_things,,
237,wolfe_069_R_things,,
238,wolfe_06_L_vase,,
239,wolfe_06_R_vase,,
240,wolfe_070_L_lamp,,
241,wolfe_070_R_lamp,,
242,wolfe_071_L_art,,
243,wolfe_071_R_art,,
244,wolfe_072_L_handle,,
245,wolfe_072_R_handle,,
246,wolfe_073_L_coffeemug,,
247,wolfe_073_R_coffeemug,,
248,wolfe_074_L_book,,
249,wolfe_074_R_book,,
250,wolfe_075_L_light,,
251,wolfe_075_R_light,,
252,wolfe_076_L_hook,,
253,wolfe_076_R_hook,,
254,wolfe_077_L_footrest,,
255,wolfe_077_R_footrest,,
256,wolfe_078_L_faucet,,
257,wolfe_078_R_faucet,,
258,wolfe_079_L_bowl,,
259,wolfe_079_R_bowl,,
260,wolfe_07_L_soap,,
261,wolfe_07_R_soap,,
262,wolfe_080_L_plant,,
263,wolfe_080_R_plant,,
264,wolfe_081_L_football,,
265,wolfe_081_R_football,,
266,wolfe_082_L_bowl,,
267,wolfe_082_R_bowl,,
268,wolfe_083_L_knob,,
269,wolfe_083_R_knob,,
270,wolfe_084_L_light,,
271,wolfe_084_R_light,,
272,wolfe_085_L_switchboard,,
273,wolfe_085_R_switchboard,,
274,wolfe_086_L_book,,
275,wolfe_086_R_book,,
276,wolfe_087_L_towelhandle,,
277,wolfe_087_R_towelhandle,,
278,wolfe_088_L_clock,,
279,wolfe_088_R_clock,,
280,wolfe_089_L_poster,,
281,wolfe_089_R_poster,,
282,wolfe_08_L_bottle,,
283,wolfe_08_R_bottle,,
284,wolfe_090_L_lamp,,
285,wolfe_090_R_lamp,,
286,wolfe_091_L_airfreshener,,
287,wolfe_091_R_airfreshener,,
288,wolfe_092_L_candles,,
289,wolfe_092_R_candles,,
290,wolfe_093_L_switch,,
291,wolfe_093_R_switch,,
292,wolfe_094_L_ball,,
293,wolfe_094_R_ball,,
294,wolfe_095_L_candle,,
295,wolfe_095_R_candle,,
296,wolfe_096_L_painting,,
297,wolfe_096_R_painting,,
298,wolfe_097_L_light,,
299,wolfe_097_R_light,,
300,wolfe_098_L_slippers,,
301,wolfe_098_R_slippers,,
302,wolfe_099_L_sconce,,
303,wolfe_099_R_sconce,,
304,wolfe_09_L_carpet,,
305,wolfe_09_R_carpet,,
306,wolfe_image-01,,
307,wolfe_image-02,,
308,wolfe_image-03,,
309,wolfe_image-04,,
310,wolfe_image-05,,
311,wolfe_image-06,,
312,wolfe_image-07,,
313,wolfe_image-08,,
314,wolfe_image-09,,
315,wolfe_image-10,,
316,wolfe_image-100,,
317,wolfe_image-101,,
318,wolfe_image-102,,
319,wolfe_image-103,,
320,wolfe_image-104,,
321,wolfe_image-105,,
322,wolfe_image-106,,
323,wolfe_image-107,,
324,wolfe_image-108,,
325,wolfe_image-109,,
326,wolfe_image-11,,
327,wolfe_image-110,,
328,wolfe_image-111,,
329,wolfe_image-112,,
330,wolfe_image-113,,
331,wolfe_image-114,,
332,wolfe_image-115,,
333,wolfe_image-116,,
334,wolfe_image-117,,
335,wolfe_image-118,,
336,wolfe_image-119,,
337,wolfe_image-12,,
338,wolfe_image-120,,
339,wolfe_image-121,,
340,wolfe_image-122,,
341,wolfe_image-123,,
342,wolfe_image-124,,
343,wolfe_image-125,,
344,wolfe_image-126,,
345,wolfe_image-127,,
346,wolfe_image-128,,
347,wolfe_image-129,,
348,wolfe_image-13,,
349,wolfe_image-130,,
350,wolfe_image-131,,
351,wolfe_image-132,,
352,wolfe_image-133,,
353,wolfe_image-134,,
354,wolfe_image-135,,
355,wolfe_image-136,,
356,wolfe_image-137,,
357,wolfe_image-14,,
358,wolfe_image-15,,
359,wolfe_image-16,,
360,wolfe_image-17,,
361,wolfe_image-18,,
362,wolfe_image-19,,
363,wolfe_image-20,,
364,wolfe_image-21,,
365,wolfe_image-22,,
366,wolfe_image-23,,
367,wolfe_image-24,,
368,wolfe_image-25,,
369,wolfe_image-26,,
370,wolfe_image-27,,
371,wolfe_image-28,,
372,wolfe_image-29,,
373,wolfe_image-30,,
374,wolfe_image-31,,
375,wolfe_image-32,,
376,wolfe_image-33,,
377,wolfe_image-34,,
378,wolfe_image-35,,
379,wolfe_image-36,,
380,wolfe_image-37,,
381,wolfe_image-38,,
382,wolfe_image-39,,
383,wolfe_image-40,,
384,wolfe_image-41,,
385,wolfe_image-42,,
386,wolfe_image-43,,
387,wolfe_image-44,,
388,wolfe_image-45,,
389,wolfe_image-46,,
390,wolfe_image-47,,
391,wolfe_image-48,,
392,wolfe_image-49,,
393,wolfe_image-50,,
394,wolfe_image-76,,
395,wolfe_image-77,,
396,wolfe_image-78,,
397,wolfe_image-79,,
398,wolfe_image-80,,
399,wolfe_image-81,,
400,wolfe_image-82,,
401,wolfe_image-83,,
402,wolfe_image-84,,
403,wolfe_image-85,,
404,wolfe_image-86,,
405,wolfe_image-87,,
406,wolfe_image-88,,
407,wolfe_image-89,,
408,wolfe_image-90,,
409,wolfe_image-91,,
410,wolfe_image-92,,
411,wolfe_image-93,,
412,wolfe_image-94,,
413,wolfe_image-95,,
414,wolfe_image-96,,
415,wolfe_image-97,,
416,wolfe_image-98,,
417,wolfe_image-99,,