Image,changed_item_long,changed_item_short
Amish,,
Army,,
BarnTrack,,
Barns,,
Barrels,,
Beach,,
Birds,,
Boat,,
Bus,,
Cactus,,
Camel,,
CanalBridge,,
Castle,,
Chopper,,
Cockpit,,
Description,,
Dinner,,
Diver,,
Eating,,
Egypt,,
FarmByPond,,
Farmer,,
Fishing,,
Floatplane,,
Fountain,,
Harbor,,
Horizon,,
Ice,,
Kayak,,
Kayaker,,
Kids,,
Lake,,
Market,,
Marling,,
Mosque,,
NotreDame,,
Nurses,,
Obelisk,,
OtherDiver,,
Pilots,,
Seal,,
Soldiers,,
Station,,
SummerLake,,
Turtle,,
Water,,
Window,,
Wine,,
image-01,,
image-02,,
image-03,,
image-04,,
image-05,,
image-06,,
image-07,,
image-08,,
image-09,,
image-10,,
image-11,,
image-12,,
image-13,,
image-14,,
image-15,,
image-16,,
image-17,,
image-18,,
image-19,,
image-20,,
image-21,,
image-22,,
image-23,,
image-24,,
image-25,,
image-26,,
image-27,,
image-28,,
image-29,,
image-30,,
image-31,,
image-32,,
image-33,,
image-34,,
image-35,,
image-36,,
image-37,,
image-38,,
image-39,,
image-40,,
image-41,,
image-42,,
image-43,,
image-44,,
image-45,,
image-46,,
image-47,,
image-48,,
image-49,,
image-50,,
image-76,,
image-77,,
image-78,,
image-79,,
image-80,,
image-81,,
image-82,,
image-83,,
image-84,,
image-85,,
image-86,,
image-87,,
image-88,,
image-89,,
image-90,,
image-91,,
image-92,,
image-93,,
image-94,,
image-95,,
image-96,,
image-97,,
image-98,,
image-99,,
image-100,,
image-101,,
image-102,,
image-103,,
image-104,,
image-105,,
image-106,,
image-107,,
image-108,,
image-109,,
image-110,,
image-111,,
image-112,,
image-113,,
image-114,,
image-115,,
image-116,,
image-117,,
image-118,,
image-119,,
image-120,,
image-121,,
image-122,,
image-123,,
image-124,,
image-125,,
image-126,,
image-127,,
image-128,,
image-129,,
image-130,,
image-131,,
image-132,,
image-133,,
image-134,,
image-135,,
image-136,,
image-137,,
0100_L_mirrorONLY_in_mirror,,
0100_R_mirrorONLY_in_mirror,,
0101_L_mirrorONLY_in_cup,,
0101_R_mirrorONLY_in_cup,,
0102_L_mirrorONLY_in_shoppingbag,,
0102_R_mirrorONLY_in_shoppingbag,,
0103_L_mirrorONLY_in_hook,,
0103_R_mirrorONLY_in_hook,,
0104_L_mirrorONLY_in_bottle,,
0104_R_mirrorONLY_in_bottle,,
0105_L_mirrorONLY_in_hat,,
0105_R_mirrorONLY_in_hat,,
0106_L_mirrorONLY_in_toweldispenser,,
0106_R_mirrorONLY_in_toweldispenser,,
0107_L_mirrorONLY_in_shirts,,
0107_R_mirrorONLY_in_shirts,,
0108_L_mirrorONLY_in_boa,,
0108_R_mirrorONLY_in_boa,,
0109_L_window_in_pillow,,
0109_R_window_in_pillow,,
010_L_filler_present_candle,,
010_R_filler_present_candle,,
0110_L_window_in_plant,,
0110_R_window_in_plant,,
0111_L_window_in_pot,,
0111_R_window_in_pot,,
0112_L_window_in_basket,,
0112_R_window_in_basket,,
0113_L_window_in_plant,,
0113_R_window_in_plant,,
0114_L_window_in_bird,,
0114_R_window_in_bird,,
0115_L_window_in_pot,,
0115_R_window_in_pot,,
0116_L_window_in_basket,,
0116_R_window_in_basket,,
0117_L_window_in_plant_sized,,
0117_R_window_in_plant_sized,,
0118_L_window_in_shoes,,
0118_R_window_in_shoes,,
0119_L_window_in_painting,,
0119_R_window_in_painting,,
011_L_filler_present_parfum,,
011_R_filler_present_parfum,,
0120_L_window_in_art,,
0120_R_window_in_art,,
0121_L_window_in_car,,
0121_R_window_in_car,,
0122_L_window_in_chair,,
0122_R_window_in_chair,,
0123_L_window_in_pot,,
0123_R_window_in_pot,,
0124_L_window_in_vase,,
0124_R_window_in_vase,,
0125_L_window_in_sofa,,
0125_R_window_in_sofa,,
0126_L_window_in_candles,,
0126_R_window_in_candles,,
0127_L_window_in_light,,
0127_R_window_in_light,,
0128_L_window_in_pot,,
0128_R_window_in_pot,,
012_L_filler_present_tubaccesory,,
012_R_filler_present_tubaccesory,,
013_L_filler_present_lamp,,
013_R_filler_present_lamp,,
014_L_filler_present_lamp,,
014_R_filler_present_lamp,,
015_L_filler_present_ceilinglight,,
015_R_filler_present_ceilinglight,,
016_L_filler_present_art,,
016_R_filler_present_art,,
017_L_filler_present_wood,,
017_R_filler_present_wood,,
018_L_filler_present_plant,,
018_R_filler_present_plant,,
019_L_filler_present_lamp_sized,,
019_R_filler_present_lamp_sized,,
01_L_filler_present_mirror,,
01_R_filler_present_mirror,,
020_L_filler_present_walldeco,,
020_R_filler_present_walldeco,,
021_L_filler_present_keyboard,,
021_R_filler_present_keyboard,,
022_L_filler_present_lamp,,
022_R_filler_present_lamp,,
023_L_filler_present_remote,,
023_R_filler_present_remote,,
024_L_filler_present_towels,,
024_R_filler_present_towels,,
025_L_filler_present_vase,,
025_R_filler_present_vase,,
026_L_filler_present_rack,,
026_R_filler_present_rack,,
027_L_filler_present_soapdish,,
027_R_filler_present_soapdish,,
028_L_filler_present_vase,,
028_R_filler_present_vase,,
029_L_filler_present_glass,,
029_R_filler_present_glass,,
02_L_filler_present_napkin,,
02_R_filler_present_napkin,,
030_L_filler_present_drawer,,
030_R_filler_present_drawer,,
031_L_filler_present_log,,
031_R_filler_present_log,,
032_L_filler_present_bottle,,
032_R_filler_present_bottle,,
033_L_filler_present_vase,,
033_R_filler_present_vase,,
034_L_filler_present_handle,,
034_R_filler_present_handle,,
035_L_filler_present_fruit,,
035_R_filler_present_fruit,,
036_L_filler_present_bowl,,
036_R_filler_present_bowl,,
037_L_filler_present_towel,,
037_R_filler_present_towel,,
038_L_filler_present_art,,
038_R_filler_present_art,,
039_L_filler_present_ventilator,,
039_R_filler_present_ventilator,,
03_L_filler_present_ducks,,
03_R_filler_present_ducks,,
040_L_filler_present_painting,,
040_R_filler_present_painting,,
041_L_filler_present_fruit,,
041_R_filler_present_fruit,,
042_L_filler_present_tap,,
042_R_filler_present_tap,,
043_L_filler_present_clock,,
043_R_filler_present_clock,,
044_L_filler_present_light,,
044_R_filler_present_light,,
045_L_filler_present_musicdock,,
045_R_filler_present_musicdock,,
046_L_filler_present_remote,,
046_R_filler_present_remote,,
047_L_filler_present_handle,,
047_R_filler_present_handle,,
048_L_filler_present_art,,
048_R_filler_present_art,,
049_L_filler_present_painting,,
049_R_filler_present_painting,,
04_L_filler_present_electricalgrid,,
04_R_filler_present_electricalgrid,,
050_L_filler_present_book,,
050_R_filler_present_book,,
051_L_filler_present_owl,,
051_R_filler_present_owl,,
052_L_filler_present_speaker,,
052_R_filler_present_speaker,,
053_L_filler_present_handle,,
053_R_filler_present_handle,,
054_L_filler_present_firewood,,
054_R_filler_present_firewood,,
055_L_filler_present_carpet,,
055_R_filler_present_carpet,,
056_L_filler_present_comforter,,
056_R_filler_present_comforter,,
057_L_filler_present_bin,,
057_R_filler_present_bin,,
058_L_filler_present_clutch,,
058_R_filler_present_clutch,,
059_L_filler_present_car,,
059_R_filler_present_car,,
05_L_filler_present_mirror,,
05_R_filler_present_mirror,,
060_L_filler_present_pillow,,
060_R_filler_present_pillow,,
061_L_filler_present_glass,,
061_R_filler_present_glass,,
062_L_filler_present_flowers,,
062_R_filler_present_flowers,,
063_L_filler_present_laptop,,
063_R_filler_present_laptop,,
064_L_filler_present_bottles,,
064_R_filler_present_bottles,,
065_L_filler_present_cd,,
065_R_filler_present_cd,,
066_L_filler_present_vase,,
066_R_filler_present_vase,,
067_L_filler_present_painting,,
067_R_filler_present_painting,,
068_L_filler_present_faucet,,
068_R_filler_present_faucet,,
069_L_filler_present_things,,
069_R_filler_present_things,,
06_L_filler_present_vase,,
06_R_filler_present_vase,,
070_L_filler_present_lamp,,
070_R_filler_present_lamp,,
071_L_filler_present_art,,
071_R_filler_present_art,,
072_L_filler_present_handle,,
072_R_filler_present_handle,,
073_L_filler_present_coffeemug,,
073_R_filler_present_coffeemug,,
074_L_filler_present_book,,
074_R_filler_present_book,,
075_L_filler_present_light,,
075_R_filler_present_light,,
076_L_filler_present_hook,,
076_R_filler_present_hook,,
077_L_filler_present_footrest,,
077_R_filler_present_footrest,,
078_L_filler_present_faucet,,
078_R_filler_present_faucet,,
079_L_filler_present_bowl,,
079_R_filler_present_bowl,,
07_L_filler_present_soap,,
07_R_filler_present_soap,,
080_L_filler_present_plant,,
080_R_filler_present_plant,,
081_L_filler_present_football,,
081_R_filler_present_football,,
082_L_filler_present_bowl,,
082_R_filler_present_bowl,,
083_L_filler_present_knob,,
083_R_filler_present_knob,,
084_L_filler_present_light,,
084_R_filler_present_light,,
085_L_mirrorONLY_in_switchboard,,
085_R_mirrorONLY_in_switchboard,,
086_L_mirrorONLY_in_book,,
086_R_mirrorONLY_in_book,,
087_L_mirrorONLY_in_towelhandle,,
087_R_mirrorONLY_in_towelhandle,,
088_L_mirrorONLY_in_clock,,
088_R_mirrorONLY_in_clock,,
089_L_mirrorONLY_in_poster,,
089_R_mirrorONLY_in_poster,,
08_L_filler_present_bottle,,
08_R_filler_present_bottle,,
090_L_mirrorONLY_in_lamp,,
090_R_mirrorONLY_in_lamp,,
091_L_mirrorONLY_in_airfreshener,,
091_R_mirrorONLY_in_airfreshener,,
092_L_mirrorONLY_in_candles,,
092_R_mirrorONLY_in_candles,,
093_L_mirrorONLY_in_switch,,
093_R_mirrorONLY_in_switch,,
094_L_mirrorONLY_in_ball,,
094_R_mirrorONLY_in_ball,,
095_L_mirrorONLY_in_candle,,
095_R_mirrorONLY_in_candle,,
096_L_mirrorONLY_in_painting,,
096_R_mirrorONLY_in_painting,,
097_L_mirrorONLY_in_light,,
097_R_mirrorONLY_in_light,,
098_L_mirrorONLY_in_slippers,,
098_R_mirrorONLY_in_slippers,,
099_L_mirrorONLY_in_sconce,,
099_R_mirrorONLY_in_sconce,,
09_L_filler_present_carpet,,
09_R_filler_present_carpet,,